well_id,sample_date,tritium_pci_l
MW-01,1982-03-31,422.5
MW-01,1982-06-30,413.2
MW-01,1982-09-30,465.1
MW-01,1982-12-31,431.2
MW-01,1983-03-31,440.5
MW-01,1983-06-30,388.9
MW-01,1983-09-30,452.0
MW-01,1983-12-31,366.1
MW-01,1984-03-31,410.4
MW-01,1984-06-30,465.0
MW-01,1984-09-30,456.3
MW-01,1984-12-31,488.0
MW-01,1985-03-31,434.5
MW-01,1985-06-30,408.6
MW-01,1985-09-30,394.8
MW-01,1985-12-31,361.7
MW-01,1986-03-31,435.9
MW-01,1986-06-30,379.6
MW-01,1986-09-30,462.4
MW-01,1986-12-31,544.8
MW-01,1987-03-31,384.1
MW-01,1987-06-30,463.6
MW-01,1987-12-31,391.1
MW-01,1988-03-31,429.7
MW-01,1988-06-30,360.0
MW-01,1988-09-30,430.0
MW-01,1988-12-31,426.8
MW-01,1989-06-30,429.1
MW-01,1989-09-30,430.6
MW-01,1989-12-31,430.6
MW-01,1990-03-31,431.4
MW-01,1990-06-30,381.1
MW-01,1990-09-30,385.7
MW-01,1990-12-31,381.6
MW-01,1991-03-31,386.9
MW-01,1991-06-30,367.2
MW-01,1991-09-30,411.9
MW-01,1991-12-31,449.8
MW-01,1992-03-31,483.8
MW-01,1992-06-30,404.4
MW-01,1992-09-30,460.5
MW-01,1993-03-31,346.7
MW-01,1993-06-30,412.3
MW-01,1993-09-30,491.8
MW-01,1993-12-31,425.3
MW-01,1994-03-31,414.3
MW-01,1994-06-30,376.8
MW-01,1994-09-30,370.7
MW-01,1994-12-31,419.9
MW-01,1995-03-31,407.9
MW-01,1995-06-30,415.4
MW-01,1995-09-30,380.9
MW-01,1995-12-31,363.3
MW-01,1996-03-31,418.3
MW-01,1996-06-30,431.9
MW-01,1996-09-30,331.1
MW-01,1996-12-31,376.1
MW-01,1997-03-31,440.7
MW-01,1997-06-30,361.3
MW-01,1997-09-30,463.3
MW-01,1997-12-31,403.3
MW-01,1998-03-31,478.6
MW-01,1998-06-30,412.0
MW-01,1998-09-30,474.0
MW-01,1998-12-31,471.7
MW-01,1999-03-31,481.9
MW-01,1999-06-30,457.5
MW-01,1999-09-30,437.2
MW-01,1999-12-31,391.3
MW-01,2000-09-30,476.0
MW-01,2000-12-31,394.9
MW-01,2001-06-30,476.9
MW-01,2001-09-30,373.1
MW-01,2001-12-31,355.3
MW-01,2002-06-30,412.1
MW-01,2002-09-30,460.8
MW-01,2002-12-31,369.7
MW-01,2003-03-31,366.9
MW-01,2003-06-30,466.3
MW-01,2003-09-30,381.0
MW-01,2003-12-31,436.2
MW-01,2004-03-31,403.2
MW-01,2004-06-30,460.3
MW-01,2004-09-30,418.8
MW-01,2004-12-31,347.8
MW-01,2005-03-31,435.9
MW-01,2005-06-30,385.0
MW-01,2005-09-30,421.7
MW-01,2005-12-31,382.4
MW-01,2006-03-31,391.5
MW-01,2006-06-30,379.6
MW-01,2006-09-30,394.4
MW-01,2006-12-31,399.9
MW-01,2007-03-31,452.3
MW-01,2007-06-30,365.3
MW-01,2007-09-30,409.0
MW-01,2007-12-31,436.5
MW-01,2008-03-31,357.8
MW-01,2008-06-30,418.4
MW-01,2008-09-30,427.3
MW-01,2008-12-31,423.3
MW-01,2009-03-31,397.5
MW-01,2009-06-30,417.2
MW-01,2009-09-30,428.9
MW-01,2009-12-31,395.7
MW-01,2010-03-31,419.1
MW-01,2010-06-30,410.4
MW-01,2010-09-30,466.8
MW-01,2010-12-31,464.4
MW-01,2011-03-31,433.2
MW-01,2011-06-30,452.5
MW-01,2011-09-30,398.2
MW-01,2011-12-31,430.5
MW-01,2012-03-31,413.1
MW-01,2012-06-30,468.0
MW-01,2012-09-30,461.5
MW-01,2012-12-31,410.2
MW-01,2013-03-31,439.7
MW-01,2013-06-30,398.8
MW-01,2013-09-30,396.3
MW-01,2013-12-31,483.1
MW-01,2014-03-31,371.5
MW-01,2014-06-30,539.4
MW-01,2014-09-30,413.2
MW-01,2014-12-31,481.8
MW-01,2015-03-31,456.5
MW-01,2015-06-30,430.7
MW-01,2015-09-30,481.7
MW-01,2015-12-31,437.6
MW-02,1982-03-31,672.5
MW-02,1982-09-30,630.2
MW-02,1982-12-31,527.7
MW-02,1983-06-30,586.5
MW-02,1983-09-30,587.0
MW-02,1983-12-31,614.4
MW-02,1984-03-31,647.3
MW-02,1984-06-30,698.6
MW-02,1984-09-30,661.0
MW-02,1984-12-31,620.2
MW-02,1985-03-31,652.6
MW-02,1985-06-30,678.1
MW-02,1985-12-31,612.8
MW-02,1986-03-31,648.2
MW-02,1986-06-30,591.0
MW-02,1986-09-30,731.5
MW-02,1986-12-31,575.3
MW-02,1987-03-31,573.5
MW-02,1987-06-30,550.4
MW-02,1987-09-30,627.4
MW-02,1987-12-31,542.1
MW-02,1988-03-31,631.5
MW-02,1988-06-30,639.4
MW-02,1988-09-30,576.2
MW-02,1988-12-31,714.9
MW-02,1989-03-31,532.1
MW-02,1989-06-30,640.9
MW-02,1989-09-30,575.8
MW-02,1989-12-31,587.1
MW-02,1990-03-31,639.5
MW-02,1990-06-30,460.9
MW-02,1990-09-30,609.7
MW-02,1990-12-31,624.5
MW-02,1991-03-31,496.2
MW-02,1991-06-30,504.9
MW-02,1991-09-30,581.0
MW-02,1991-12-31,479.0
MW-02,1992-03-31,387.6
MW-02,1992-09-30,598.8
MW-02,1992-12-31,622.6
MW-02,1993-03-31,573.9
MW-02,1993-06-30,634.4
MW-02,1993-09-30,670.7
MW-02,1993-12-31,659.6
MW-02,1994-03-31,551.5
MW-02,1994-06-30,583.4
MW-02,1994-09-30,611.2
MW-02,1994-12-31,547.2
MW-02,1995-03-31,612.9
MW-02,1995-06-30,618.2
MW-02,1995-09-30,487.0
MW-02,1995-12-31,596.6
MW-02,1996-03-31,539.9
MW-02,1996-06-30,594.3
MW-02,1996-09-30,664.6
MW-02,1996-12-31,617.9
MW-02,1997-03-31,525.9
MW-02,1997-06-30,521.7
MW-02,1997-09-30,572.3
MW-02,1997-12-31,617.2
MW-02,1998-03-31,529.4
MW-02,1998-09-30,608.3
MW-02,1998-12-31,534.8
MW-02,1999-03-31,596.5
MW-02,1999-06-30,589.4
MW-02,1999-09-30,611.8
MW-02,1999-12-31,578.1
MW-02,2000-03-31,527.8
MW-02,2000-06-30,621.0
MW-02,2000-09-30,532.5
MW-02,2000-12-31,486.3
MW-02,2001-03-31,617.9
MW-02,2001-06-30,535.4
MW-02,2001-09-30,589.6
MW-02,2001-12-31,682.3
MW-02,2002-03-31,526.0
MW-02,2002-06-30,561.3
MW-02,2002-09-30,513.9
MW-02,2002-12-31,485.8
MW-02,2003-03-31,646.6
MW-02,2003-06-30,554.1
MW-02,2003-09-30,638.4
MW-02,2004-06-30,636.9
MW-02,2004-09-30,546.0
MW-02,2004-12-31,463.8
MW-02,2005-03-31,508.9
MW-02,2005-06-30,522.4
MW-02,2005-09-30,532.6
MW-02,2005-12-31,704.0
MW-02,2006-03-31,624.9
MW-02,2006-06-30,646.6
MW-02,2006-09-30,528.7
MW-02,2006-12-31,517.4
MW-02,2007-03-31,581.9
MW-02,2007-06-30,553.9
MW-02,2007-09-30,642.2
MW-02,2007-12-31,520.2
MW-02,2008-03-31,557.1
MW-02,2008-06-30,562.3
MW-02,2008-09-30,601.4
MW-02,2008-12-31,603.6
MW-02,2009-03-31,520.5
MW-02,2009-06-30,601.0
MW-02,2009-09-30,554.7
MW-02,2009-12-31,594.3
MW-02,2010-03-31,605.5
MW-02,2010-06-30,559.4
MW-02,2010-09-30,520.4
MW-02,2010-12-31,635.6
MW-02,2011-03-31,514.3
MW-02,2011-06-30,578.4
MW-02,2011-09-30,665.6
MW-02,2011-12-31,593.2
MW-02,2012-03-31,564.5
MW-02,2012-06-30,572.1
MW-02,2012-09-30,618.8
MW-02,2012-12-31,610.0
MW-02,2013-03-31,610.8
MW-02,2013-06-30,555.1
MW-02,2013-09-30,565.6
MW-02,2013-12-31,641.0
MW-02,2014-03-31,535.2
MW-02,2014-06-30,608.8
MW-02,2014-09-30,605.5
MW-02,2014-12-31,585.5
MW-02,2015-03-31,601.6
MW-02,2015-06-30,565.2
MW-02,2015-09-30,607.2
MW-02,2015-12-31,498.3
MW-03,1982-06-30,113.6
MW-03,1982-09-30,178.5
MW-03,1982-12-31,335.7
MW-03,1983-03-31,566.9
MW-03,1983-06-30,890.9
MW-03,1983-09-30,1160.1
MW-03,1983-12-31,1174.7
MW-03,1984-03-31,1997.4
MW-03,1984-06-30,2843.5
MW-03,1984-09-30,3295.2
MW-03,1984-12-31,4052.6
MW-03,1985-03-31,5391.4
MW-03,1985-06-30,6246.9
MW-03,1985-09-30,7015.8
MW-03,1985-12-31,6787.0
MW-03,1986-03-31,8919.9
MW-03,1986-06-30,9097.6
MW-03,1986-09-30,8884.2
MW-03,1986-12-31,13440.4
MW-03,1987-03-31,11296.5
MW-03,1987-09-30,16241.7
MW-03,1987-12-31,20262.0
MW-03,1988-03-31,20598.8
MW-03,1988-06-30,20744.5
MW-03,1988-09-30,23562.7
MW-03,1988-12-31,22093.7
MW-03,1989-03-31,23729.6
MW-03,1989-06-30,31939.2
MW-03,1989-09-30,29356.0
MW-03,1990-03-31,34351.1
MW-03,1990-06-30,31227.8
MW-03,1990-09-30,43467.6
MW-03,1990-12-31,26545.9
MW-03,1991-03-31,37078.4
MW-03,1991-06-30,34139.1
MW-03,1991-09-30,35033.5
MW-03,1991-12-31,22061.9
MW-03,1992-03-31,35761.6
MW-03,1992-06-30,31386.6
MW-03,1992-09-30,34324.8
MW-03,1992-12-31,35745.0
MW-03,1993-03-31,31438.7
MW-03,1993-06-30,31795.0
MW-03,1993-09-30,19494.5
MW-03,1993-12-31,32270.0
MW-03,1994-03-31,25257.4
MW-03,1994-06-30,32122.3
MW-03,1994-09-30,24835.0
MW-03,1994-12-31,28475.5
MW-03,1995-03-31,35300.2
MW-03,1995-06-30,27096.3
MW-03,1995-09-30,23054.6
MW-03,1995-12-31,26256.6
MW-03,1996-03-31,26810.8
MW-03,1996-06-30,22217.1
MW-03,1996-09-30,24496.9
MW-03,1996-12-31,22204.6
MW-03,1997-03-31,25551.0
MW-03,1997-06-30,33924.7
MW-03,1997-09-30,28422.2
MW-03,1997-12-31,27977.5
MW-03,1998-03-31,25024.5
MW-03,1998-06-30,19098.8
MW-03,1998-09-30,21175.9
MW-03,1998-12-31,21134.2
MW-03,1999-03-31,20730.6
MW-03,1999-06-30,24683.4
MW-03,1999-09-30,21020.9
MW-03,1999-12-31,22867.9
MW-03,2000-03-31,24757.0
MW-03,2000-06-30,23740.2
MW-03,2000-09-30,19762.2
MW-03,2000-12-31,17070.4
MW-03,2001-03-31,21500.1
MW-03,2001-06-30,18946.6
MW-03,2001-09-30,17461.0
MW-03,2001-12-31,20457.7
MW-03,2002-03-31,18291.6
MW-03,2002-06-30,18981.0
MW-03,2002-09-30,19331.8
MW-03,2002-12-31,16477.4
MW-03,2003-03-31,19487.1
MW-03,2003-06-30,17879.7
MW-03,2003-09-30,20125.3
MW-03,2003-12-31,16825.9
MW-03,2004-03-31,18223.0
MW-03,2004-06-30,15741.2
MW-03,2004-09-30,17608.1
MW-03,2004-12-31,15093.5
MW-03,2005-03-31,12841.0
MW-03,2005-06-30,16792.0
MW-03,2005-09-30,18000.3
MW-03,2006-03-31,14328.5
MW-03,2006-06-30,18271.2
MW-03,2006-09-30,13159.2
MW-03,2006-12-31,13315.9
MW-03,2007-03-31,13968.2
MW-03,2007-06-30,13438.4
MW-03,2007-09-30,15338.2
MW-03,2007-12-31,15648.0
MW-03,2008-03-31,15125.8
MW-03,2008-06-30,14636.8
MW-03,2008-09-30,16099.6
MW-03,2008-12-31,12988.2
MW-03,2009-03-31,13629.1
MW-03,2009-06-30,12606.2
MW-03,2009-09-30,10538.2
MW-03,2009-12-31,13240.9
MW-03,2010-03-31,12727.3
MW-03,2010-06-30,9561.9
MW-03,2010-09-30,11838.5
MW-03,2010-12-31,10665.3
MW-03,2011-03-31,12059.2
MW-03,2011-06-30,11895.2
MW-03,2011-09-30,10673.5
MW-03,2011-12-31,10081.5
MW-03,2012-03-31,10419.5
MW-03,2012-06-30,10552.4
MW-03,2012-09-30,9342.4
MW-03,2012-12-31,10272.3
MW-03,2013-03-31,8594.6
MW-03,2013-06-30,8098.5
MW-03,2013-09-30,12392.4
MW-03,2013-12-31,9170.6
MW-03,2014-03-31,9061.8
MW-03,2014-06-30,8577.1
MW-03,2014-09-30,8709.6
MW-03,2014-12-31,9746.9
MW-03,2015-03-31,8894.9
MW-03,2015-06-30,9910.2
MW-03,2015-09-30,8566.8
MW-03,2015-12-31,6907.8
MW-04,1982-03-31,365.7
MW-04,1982-06-30,391.2
MW-04,1982-09-30,380.0
MW-04,1983-06-30,382.3
MW-04,1983-09-30,309.9
MW-04,1983-12-31,339.1
MW-04,1984-03-31,322.5
MW-04,1984-06-30,341.5
MW-04,1984-09-30,327.1
MW-04,1984-12-31,335.7
MW-04,1985-03-31,361.3
MW-04,1985-06-30,324.7
MW-04,1985-09-30,346.6
MW-04,1985-12-31,370.5
MW-04,1986-03-31,313.3
MW-04,1986-06-30,349.0
MW-04,1986-09-30,350.5
MW-04,1986-12-31,373.1
MW-04,1987-03-31,306.8
MW-04,1987-06-30,331.7
MW-04,1987-09-30,339.7
MW-04,1987-12-31,350.0
MW-04,1988-03-31,298.0
MW-04,1988-06-30,341.1
MW-04,1988-09-30,338.1
MW-04,1988-12-31,338.6
MW-04,1989-03-31,323.2
MW-04,1989-06-30,348.8
MW-04,1989-09-30,349.0
MW-04,1989-12-31,279.0
MW-04,1990-03-31,328.6
MW-04,1990-06-30,301.7
MW-04,1990-09-30,359.1
MW-04,1990-12-31,317.6
MW-04,1991-03-31,321.5
MW-04,1991-06-30,370.4
MW-04,1991-09-30,350.0
MW-04,1991-12-31,307.5
MW-04,1992-03-31,358.2
MW-04,1992-06-30,329.2
MW-04,1992-09-30,324.5
MW-04,1992-12-31,301.8
MW-04,1993-03-31,324.8
MW-04,1993-06-30,369.1
MW-04,1993-09-30,323.0
MW-04,1993-12-31,304.1
MW-04,1994-03-31,326.9
MW-04,1994-06-30,342.3
MW-04,1994-09-30,357.1
MW-04,1994-12-31,319.0
MW-04,1995-03-31,356.4
MW-04,1995-06-30,309.3
MW-04,1995-09-30,380.7
MW-04,1995-12-31,375.1
MW-04,1996-03-31,333.0
MW-04,1996-06-30,369.3
MW-04,1996-09-30,407.1
MW-04,1996-12-31,377.0
MW-04,1997-03-31,349.0
MW-04,1997-06-30,347.7
MW-04,1997-09-30,329.8
MW-04,1997-12-31,359.5
MW-04,1998-03-31,360.5
MW-04,1998-06-30,353.2
MW-04,1998-09-30,396.1
MW-04,1998-12-31,349.5
MW-04,1999-03-31,264.7
MW-04,1999-06-30,376.8
MW-04,1999-09-30,415.5
MW-04,1999-12-31,320.7
MW-04,2000-03-31,324.0
MW-04,2000-06-30,313.0
MW-04,2000-09-30,355.7
MW-04,2000-12-31,336.2
MW-04,2001-03-31,366.9
MW-04,2001-06-30,382.9
MW-04,2001-09-30,330.4
MW-04,2001-12-31,322.8
MW-04,2002-03-31,363.9
MW-04,2002-06-30,372.1
MW-04,2002-09-30,368.0
MW-04,2002-12-31,375.2
MW-04,2003-03-31,336.0
MW-04,2003-06-30,305.3
MW-04,2003-09-30,322.2
MW-04,2003-12-31,356.9
MW-04,2004-03-31,308.9
MW-04,2004-06-30,300.1
MW-04,2004-09-30,299.2
MW-04,2004-12-31,297.3
MW-04,2005-03-31,353.4
MW-04,2005-06-30,355.8
MW-04,2005-09-30,322.1
MW-04,2005-12-31,334.0
MW-04,2006-03-31,266.6
MW-04,2006-06-30,331.4
MW-04,2006-09-30,333.0
MW-04,2006-12-31,329.4
MW-04,2007-03-31,308.8
MW-04,2007-06-30,328.8
MW-04,2007-09-30,347.9
MW-04,2007-12-31,334.0
MW-04,2008-06-30,339.6
MW-04,2008-09-30,345.2
MW-04,2008-12-31,298.3
MW-04,2009-03-31,291.9
MW-04,2009-06-30,358.6
MW-04,2009-09-30,395.8
MW-04,2009-12-31,369.9
MW-04,2010-03-31,330.4
MW-04,2010-06-30,322.4
MW-04,2010-09-30,297.2
MW-04,2010-12-31,374.4
MW-04,2011-03-31,369.2
MW-04,2011-06-30,329.4
MW-04,2011-09-30,330.3
MW-04,2011-12-31,339.3
MW-04,2012-03-31,320.6
MW-04,2012-06-30,329.3
MW-04,2012-09-30,376.2
MW-04,2012-12-31,279.8
MW-04,2013-03-31,351.3
MW-04,2013-06-30,346.4
MW-04,2013-09-30,340.5
MW-04,2013-12-31,306.2
MW-04,2014-03-31,388.8
MW-04,2014-06-30,336.6
MW-04,2014-09-30,328.6
MW-04,2014-12-31,262.1
MW-04,2015-03-31,308.0
MW-04,2015-06-30,355.1
MW-04,2015-09-30,306.9
MW-04,2015-12-31,381.6
MW-05,1982-06-30,159.2
MW-05,1982-09-30,176.0
MW-05,1982-12-31,236.5
MW-05,1983-03-31,284.4
MW-05,1983-06-30,303.6
MW-05,1983-09-30,391.7
MW-05,1983-12-31,505.2
MW-05,1984-03-31,750.0
MW-05,1984-06-30,820.9
MW-05,1984-09-30,846.2
MW-05,1984-12-31,1068.9
MW-05,1985-03-31,1167.2
MW-05,1985-06-30,1502.0
MW-05,1986-03-31,2078.5
MW-05,1986-06-30,2527.4
MW-05,1986-09-30,2176.2
MW-05,1986-12-31,2760.8
MW-05,1987-06-30,3420.8
MW-05,1987-09-30,2790.5
MW-05,1987-12-31,4014.9
MW-05,1988-03-31,4993.9
MW-05,1988-06-30,4909.3
MW-05,1988-09-30,5441.8
MW-05,1988-12-31,6008.2
MW-05,1989-03-31,6202.4
MW-05,1989-09-30,7538.1
MW-05,1989-12-31,7495.8
MW-05,1990-03-31,8174.6
MW-05,1990-06-30,9013.2
MW-05,1990-09-30,8730.3
MW-05,1991-03-31,8655.7
MW-05,1991-06-30,9169.2
MW-05,1991-09-30,7746.6
MW-05,1991-12-31,9089.6
MW-05,1992-03-31,10192.1
MW-05,1992-06-30,10049.4
MW-05,1992-09-30,9767.4
MW-05,1992-12-31,10910.9
MW-05,1993-03-31,10882.9
MW-05,1993-06-30,9509.6
MW-05,1993-09-30,8390.4
MW-05,1993-12-31,9038.3
MW-05,1994-03-31,7116.8
MW-05,1994-06-30,8247.0
MW-05,1994-09-30,9633.8
MW-05,1994-12-31,6798.1
MW-05,1995-03-31,8084.9
MW-05,1995-06-30,7067.8
MW-05,1995-09-30,9797.9
MW-05,1995-12-31,8100.9
MW-05,1996-03-31,6942.7
MW-05,1996-06-30,7779.3
MW-05,1996-12-31,8717.1
MW-05,1997-03-31,6063.6
MW-05,1997-06-30,6123.8
MW-05,1997-09-30,7430.8
MW-05,1997-12-31,5458.6
MW-05,1998-03-31,7083.2
MW-05,1998-06-30,6227.8
MW-05,1998-09-30,7282.5
MW-05,1998-12-31,6749.7
MW-05,1999-03-31,6294.3
MW-05,1999-06-30,5691.9
MW-05,1999-09-30,6480.7
MW-05,1999-12-31,5846.3
MW-05,2000-03-31,6666.7
MW-05,2000-06-30,5184.4
MW-05,2000-09-30,7090.3
MW-05,2001-06-30,5802.6
MW-05,2001-09-30,5437.8
MW-05,2001-12-31,6222.8
MW-05,2002-03-31,5328.1
MW-05,2002-06-30,5433.5
MW-05,2002-09-30,4827.0
MW-05,2002-12-31,5993.6
MW-05,2003-03-31,5049.3
MW-05,2003-06-30,5513.2
MW-05,2003-09-30,5859.4
MW-05,2003-12-31,5369.7
MW-05,2004-03-31,4641.9
MW-05,2004-06-30,5072.2
MW-05,2004-09-30,5073.1
MW-05,2004-12-31,4974.7
MW-05,2005-03-31,4401.2
MW-05,2005-09-30,4490.7
MW-05,2005-12-31,4372.3
MW-05,2006-03-31,4550.3
MW-05,2006-06-30,3589.3
MW-05,2006-09-30,4162.8
MW-05,2006-12-31,3694.3
MW-05,2007-03-31,3260.6
MW-05,2007-06-30,4273.5
MW-05,2007-09-30,3418.8
MW-05,2007-12-31,3594.9
MW-05,2008-03-31,3771.8
MW-05,2008-06-30,3741.0
MW-05,2008-09-30,3989.8
MW-05,2008-12-31,2967.8
MW-05,2009-03-31,3879.1
MW-05,2009-06-30,3378.9
MW-05,2009-09-30,3699.2
MW-05,2010-03-31,4066.5
MW-05,2010-06-30,3451.5
MW-05,2010-09-30,3473.7
MW-05,2010-12-31,3537.8
MW-05,2011-03-31,2942.1
MW-05,2011-09-30,2829.2
MW-05,2011-12-31,3322.6
MW-05,2012-03-31,2769.2
MW-05,2012-06-30,3945.4
MW-05,2012-09-30,2938.7
MW-05,2012-12-31,2685.1
MW-05,2013-03-31,3515.5
MW-05,2013-06-30,2028.0
MW-05,2013-12-31,2929.8
MW-05,2014-03-31,3012.8
MW-05,2014-06-30,3384.3
MW-05,2014-09-30,2515.8
MW-05,2014-12-31,3220.9
MW-05,2015-03-31,2939.3
MW-05,2015-06-30,2495.1
MW-05,2015-09-30,2668.0
MW-05,2015-12-31,3106.8
MW-06,1982-03-31,354.3
MW-06,1982-06-30,405.5
MW-06,1982-09-30,371.4
MW-06,1982-12-31,329.9
MW-06,1983-06-30,245.4
MW-06,1983-09-30,319.4
MW-06,1983-12-31,381.7
MW-06,1984-03-31,333.8
MW-06,1984-09-30,309.1
MW-06,1984-12-31,286.3
MW-06,1985-03-31,319.0
MW-06,1985-06-30,375.5
MW-06,1985-09-30,397.4
MW-06,1985-12-31,357.6
MW-06,1986-03-31,350.8
MW-06,1986-06-30,368.1
MW-06,1986-09-30,329.8
MW-06,1986-12-31,350.6
MW-06,1987-03-31,330.1
MW-06,1987-06-30,298.9
MW-06,1987-09-30,310.1
MW-06,1987-12-31,353.2
MW-06,1988-03-31,371.8
MW-06,1988-06-30,356.9
MW-06,1988-09-30,351.2
MW-06,1989-03-31,335.7
MW-06,1989-06-30,374.2
MW-06,1989-09-30,330.3
MW-06,1989-12-31,396.0
MW-06,1990-03-31,263.3
MW-06,1990-06-30,371.2
MW-06,1990-09-30,355.4
MW-06,1990-12-31,344.0
MW-06,1991-03-31,427.6
MW-06,1991-09-30,437.7
MW-06,1991-12-31,372.1
MW-06,1992-03-31,323.9
MW-06,1992-06-30,382.1
MW-06,1992-09-30,354.6
MW-06,1992-12-31,404.0
MW-06,1993-03-31,321.0
MW-06,1993-06-30,356.1
MW-06,1993-09-30,381.1
MW-06,1993-12-31,417.3
MW-06,1994-03-31,323.9
MW-06,1994-06-30,349.1
MW-06,1994-09-30,371.8
MW-06,1994-12-31,314.5
MW-06,1995-03-31,351.4
MW-06,1995-06-30,341.7
MW-06,1995-09-30,386.4
MW-06,1995-12-31,372.1
MW-06,1996-03-31,419.2
MW-06,1996-06-30,459.7
MW-06,1996-09-30,365.6
MW-06,1996-12-31,343.7
MW-06,1997-06-30,369.3
MW-06,1997-09-30,363.8
MW-06,1998-03-31,411.8
MW-06,1998-06-30,344.1
MW-06,1998-09-30,374.0
MW-06,1998-12-31,362.2
MW-06,1999-03-31,375.1
MW-06,1999-06-30,342.5
MW-06,1999-09-30,378.9
MW-06,1999-12-31,359.0
MW-06,2000-03-31,310.7
MW-06,2000-06-30,404.4
MW-06,2000-09-30,305.2
MW-06,2000-12-31,288.5
MW-06,2001-03-31,312.3
MW-06,2001-06-30,418.2
MW-06,2001-09-30,381.7
MW-06,2001-12-31,412.6
MW-06,2002-03-31,347.3
MW-06,2002-06-30,407.6
MW-06,2002-09-30,335.5
MW-06,2002-12-31,332.4
MW-06,2003-03-31,341.4
MW-06,2003-06-30,355.2
MW-06,2003-09-30,238.4
MW-06,2003-12-31,389.9
MW-06,2004-03-31,359.6
MW-06,2004-06-30,326.4
MW-06,2004-09-30,404.3
MW-06,2004-12-31,280.9
MW-06,2005-06-30,349.9
MW-06,2005-09-30,338.4
MW-06,2005-12-31,358.6
MW-06,2006-03-31,429.2
MW-06,2006-09-30,380.9
MW-06,2006-12-31,368.9
MW-06,2007-03-31,316.7
MW-06,2007-06-30,381.4
MW-06,2007-09-30,401.0
MW-06,2007-12-31,394.7
MW-06,2008-06-30,318.7
MW-06,2009-03-31,346.3
MW-06,2009-09-30,318.9
MW-06,2009-12-31,350.8
MW-06,2010-03-31,282.5
MW-06,2010-06-30,365.9
MW-06,2010-09-30,287.2
MW-06,2010-12-31,382.2
MW-06,2011-03-31,340.9
MW-06,2011-06-30,325.1
MW-06,2011-09-30,322.0
MW-06,2011-12-31,386.0
MW-06,2012-03-31,365.9
MW-06,2012-06-30,387.5
MW-06,2012-09-30,348.1
MW-06,2012-12-31,375.4
MW-06,2013-03-31,368.7
MW-06,2013-06-30,350.6
MW-06,2013-09-30,383.6
MW-06,2013-12-31,386.7
MW-06,2014-03-31,339.4
MW-06,2014-06-30,338.0
MW-06,2014-09-30,339.1
MW-06,2014-12-31,382.4
MW-06,2015-06-30,333.2
MW-06,2015-09-30,329.0
MW-06,2015-12-31,329.4
MW-07,1982-03-31,176.5
MW-07,1982-06-30,217.4
MW-07,1982-09-30,416.2
MW-07,1982-12-31,708.7
MW-07,1983-03-31,1101.0
MW-07,1983-09-30,1920.2
MW-07,1983-12-31,2532.2
MW-07,1984-03-31,3446.8
MW-07,1984-06-30,4375.8
MW-07,1984-09-30,5234.2
MW-07,1984-12-31,7023.5
MW-07,1985-03-31,10658.9
MW-07,1985-06-30,9901.5
MW-07,1985-09-30,11306.9
MW-07,1985-12-31,10910.2
MW-07,1986-03-31,15206.7
MW-07,1986-06-30,17901.5
MW-07,1986-09-30,18863.6
MW-07,1987-03-31,22441.1
MW-07,1987-06-30,25594.9
MW-07,1987-09-30,25709.9
MW-07,1988-09-30,39120.0
MW-07,1988-12-31,43453.7
MW-07,1989-03-31,35093.8
MW-07,1989-06-30,42225.1
MW-07,1989-09-30,41100.3
MW-07,1989-12-31,44348.4
MW-07,1990-03-31,44981.7
MW-07,1990-06-30,41590.7
MW-07,1990-09-30,40235.6
MW-07,1991-03-31,45359.2
MW-07,1991-09-30,33822.3
MW-07,1991-12-31,35633.9
MW-07,1992-03-31,35820.5
MW-07,1992-06-30,35306.2
MW-07,1992-09-30,42430.8
MW-07,1992-12-31,47588.6
MW-07,1993-03-31,36790.1
MW-07,1993-06-30,36202.8
MW-07,1993-09-30,38101.9
MW-07,1993-12-31,40742.2
MW-07,1994-03-31,35061.6
MW-07,1994-06-30,37881.2
MW-07,1994-09-30,37912.3
MW-07,1994-12-31,33504.3
MW-07,1995-03-31,36509.1
MW-07,1995-06-30,32024.9
MW-07,1995-09-30,26932.2
MW-07,1995-12-31,33467.8
MW-07,1996-03-31,29606.7
MW-07,1996-06-30,25082.1
MW-07,1996-09-30,34627.5
MW-07,1996-12-31,30161.6
MW-07,1997-03-31,28930.4
MW-07,1997-06-30,27696.1
MW-07,1997-09-30,24805.0
MW-07,1997-12-31,26324.3
MW-07,1998-03-31,30099.3
MW-07,1998-06-30,26968.8
MW-07,1998-09-30,26561.4
MW-07,1998-12-31,28858.0
MW-07,1999-03-31,28800.5
MW-07,1999-06-30,24857.5
MW-07,1999-09-30,18719.6
MW-07,1999-12-31,22494.4
MW-07,2000-03-31,22049.7
MW-07,2000-06-30,27343.3
MW-07,2000-09-30,26638.5
MW-07,2000-12-31,25674.2
MW-07,2001-03-31,17717.8
MW-07,2001-06-30,25850.0
MW-07,2001-09-30,22291.5
MW-07,2001-12-31,22560.9
MW-07,2002-06-30,21445.7
MW-07,2002-09-30,16588.8
MW-07,2002-12-31,21982.5
MW-07,2003-03-31,19260.8
MW-07,2003-06-30,21418.3
MW-07,2003-09-30,23576.5
MW-07,2003-12-31,20771.8
MW-07,2004-03-31,15619.3
MW-07,2004-06-30,18970.5
MW-07,2004-09-30,20085.5
MW-07,2004-12-31,17549.3
MW-07,2005-03-31,18336.9
MW-07,2005-06-30,15460.2
MW-07,2005-09-30,16701.7
MW-07,2005-12-31,18209.5
MW-07,2006-06-30,18382.3
MW-07,2006-12-31,17391.3
MW-07,2007-03-31,14949.7
MW-07,2007-06-30,18685.9
MW-07,2007-09-30,18293.4
MW-07,2007-12-31,16922.8
MW-07,2008-03-31,18595.7
MW-07,2008-06-30,15579.7
MW-07,2008-09-30,13848.6
MW-07,2008-12-31,13903.7
MW-07,2009-03-31,14339.0
MW-07,2009-06-30,14579.0
MW-07,2009-09-30,15515.2
MW-07,2009-12-31,13208.7
MW-07,2010-03-31,13300.2
MW-07,2010-06-30,14466.7
MW-07,2010-09-30,12702.8
MW-07,2010-12-31,11461.3
MW-07,2011-03-31,11855.2
MW-07,2011-06-30,13220.8
MW-07,2011-09-30,14000.4
MW-07,2011-12-31,14192.9
MW-07,2012-03-31,12232.5
MW-07,2012-06-30,10735.3
MW-07,2012-09-30,13551.8
MW-07,2012-12-31,10597.4
MW-07,2013-03-31,13553.2
MW-07,2013-06-30,12026.5
MW-07,2013-09-30,12526.7
MW-07,2013-12-31,10948.9
MW-07,2014-03-31,8979.8
MW-07,2014-06-30,9114.3
MW-07,2014-09-30,9320.5
MW-07,2014-12-31,11565.0
MW-07,2015-03-31,10174.0
MW-07,2015-06-30,10074.9
MW-07,2015-09-30,10331.9
MW-07,2015-12-31,9002.5
MW-08,1982-03-31,755.2
MW-08,1982-06-30,513.3
MW-08,1982-09-30,684.9
MW-08,1982-12-31,597.5
MW-08,1983-03-31,712.9
MW-08,1983-09-30,649.6
MW-08,1983-12-31,585.6
MW-08,1984-03-31,570.8
MW-08,1984-06-30,657.1
MW-08,1984-09-30,608.4
MW-08,1985-03-31,614.4
MW-08,1985-06-30,622.2
MW-08,1985-09-30,665.8
MW-08,1985-12-31,690.1
MW-08,1986-03-31,639.3
MW-08,1986-06-30,548.6
MW-08,1986-12-31,692.2
MW-08,1987-03-31,673.4
MW-08,1987-06-30,609.5
MW-08,1987-09-30,582.0
MW-08,1987-12-31,657.5
MW-08,1988-03-31,645.5
MW-08,1988-06-30,650.4
MW-08,1988-09-30,674.4
MW-08,1988-12-31,641.8
MW-08,1989-03-31,545.7
MW-08,1989-06-30,692.2
MW-08,1989-09-30,736.8
MW-08,1989-12-31,618.4
MW-08,1990-03-31,551.1
MW-08,1990-06-30,658.5
MW-08,1990-09-30,664.7
MW-08,1990-12-31,765.7
MW-08,1991-06-30,597.7
MW-08,1991-09-30,574.6
MW-08,1991-12-31,595.2
MW-08,1992-03-31,695.9
MW-08,1992-06-30,701.6
MW-08,1992-09-30,600.4
MW-08,1992-12-31,582.8
MW-08,1993-03-31,693.9
MW-08,1993-06-30,600.6
MW-08,1993-09-30,594.1
MW-08,1993-12-31,707.3
MW-08,1994-03-31,698.9
MW-08,1994-06-30,681.9
MW-08,1994-12-31,619.3
MW-08,1995-03-31,648.5
MW-08,1995-06-30,638.4
MW-08,1995-09-30,517.1
MW-08,1995-12-31,575.1
MW-08,1996-03-31,691.6
MW-08,1996-06-30,601.1
MW-08,1996-09-30,660.9
MW-08,1996-12-31,579.4
MW-08,1997-03-31,598.8
MW-08,1997-06-30,620.1
MW-08,1997-09-30,665.2
MW-08,1997-12-31,700.5
MW-08,1998-03-31,730.8
MW-08,1998-06-30,723.4
MW-08,1998-09-30,613.5
MW-08,1998-12-31,570.8
MW-08,1999-03-31,680.2
MW-08,1999-09-30,604.6
MW-08,1999-12-31,721.2
MW-08,2000-03-31,664.5
MW-08,2000-06-30,607.7
MW-08,2000-09-30,547.3
MW-08,2000-12-31,610.8
MW-08,2001-03-31,638.2
MW-08,2001-06-30,559.7
MW-08,2001-09-30,652.4
MW-08,2001-12-31,577.4
MW-08,2002-03-31,641.4
MW-08,2002-06-30,697.8
MW-08,2002-09-30,666.4
MW-08,2002-12-31,656.5
MW-08,2003-03-31,607.6
MW-08,2003-06-30,684.2
MW-08,2003-09-30,691.6
MW-08,2003-12-31,701.8
MW-08,2004-03-31,540.3
MW-08,2004-06-30,619.9
MW-08,2004-09-30,710.6
MW-08,2004-12-31,705.7
MW-08,2005-03-31,658.1
MW-08,2005-09-30,704.5
MW-08,2005-12-31,681.3
MW-08,2006-03-31,646.2
MW-08,2006-06-30,636.4
MW-08,2006-09-30,639.1
MW-08,2006-12-31,657.1
MW-08,2007-03-31,662.2
MW-08,2007-06-30,716.2
MW-08,2007-09-30,575.7
MW-08,2007-12-31,645.2
MW-08,2008-03-31,802.0
MW-08,2008-06-30,644.8
MW-08,2008-09-30,620.6
MW-08,2008-12-31,695.4
MW-08,2009-03-31,605.8
MW-08,2009-06-30,593.0
MW-08,2009-09-30,655.5
MW-08,2009-12-31,658.7
MW-08,2010-03-31,643.9
MW-08,2010-06-30,724.4
MW-08,2010-09-30,658.9
MW-08,2011-03-31,651.0
MW-08,2011-06-30,670.3
MW-08,2011-09-30,496.3
MW-08,2011-12-31,713.5
MW-08,2012-03-31,591.2
MW-08,2012-06-30,611.5
MW-08,2012-09-30,747.6
MW-08,2012-12-31,619.2
MW-08,2013-03-31,699.4
MW-08,2013-06-30,677.3
MW-08,2013-09-30,730.0
MW-08,2013-12-31,693.3
MW-08,2014-03-31,696.0
MW-08,2014-06-30,611.3
MW-08,2014-09-30,636.2
MW-08,2014-12-31,629.8
MW-08,2015-03-31,576.5
MW-08,2015-06-30,601.5
MW-08,2015-09-30,712.8
MW-08,2015-12-31,630.0
MW-09,1982-03-31,195.3
MW-09,1982-06-30,202.5
MW-09,1982-09-30,221.3
MW-09,1982-12-31,264.1
MW-09,1983-03-31,301.8
MW-09,1983-06-30,351.8
MW-09,1983-09-30,430.9
MW-09,1983-12-31,496.0
MW-09,1984-03-31,597.6
MW-09,1984-06-30,741.6
MW-09,1984-09-30,831.3
MW-09,1984-12-31,910.8
MW-09,1985-03-31,1257.3
MW-09,1985-06-30,1300.2
MW-09,1985-12-31,1514.8
MW-09,1986-03-31,2162.9
MW-09,1986-06-30,2365.2
MW-09,1986-09-30,2142.8
MW-09,1986-12-31,2990.6
MW-09,1987-03-31,2463.6
MW-09,1987-06-30,2770.5
MW-09,1987-09-30,3272.3
MW-09,1987-12-31,4424.4
MW-09,1988-03-31,4125.7
MW-09,1988-06-30,4162.4
MW-09,1988-09-30,5270.8
MW-09,1988-12-31,5301.8
MW-09,1989-03-31,4519.3
MW-09,1989-06-30,4500.1
MW-09,1989-09-30,6775.0
MW-09,1990-03-31,7846.9
MW-09,1990-06-30,7423.2
MW-09,1990-09-30,7777.4
MW-09,1990-12-31,9109.7
MW-09,1991-03-31,8836.0
MW-09,1991-06-30,9152.9
MW-09,1991-09-30,6890.8
MW-09,1991-12-31,12251.5
MW-09,1992-03-31,11800.7
MW-09,1992-06-30,9575.4
MW-09,1992-09-30,13619.0
MW-09,1992-12-31,12491.8
MW-09,1993-03-31,13471.1
MW-09,1993-06-30,11295.4
MW-09,1993-09-30,11945.4
MW-09,1994-03-31,13226.7
MW-09,1994-06-30,16721.0
MW-09,1994-09-30,17190.2
MW-09,1994-12-31,16638.6
MW-09,1995-03-31,15187.2
MW-09,1995-06-30,12168.6
MW-09,1995-09-30,14599.8
MW-09,1995-12-31,15026.6
MW-09,1996-03-31,12949.2
MW-09,1996-06-30,11831.0
MW-09,1996-09-30,10549.8
MW-09,1996-12-31,13164.0
MW-09,1997-03-31,13111.9
MW-09,1997-06-30,12026.0
MW-09,1997-09-30,14265.9
MW-09,1997-12-31,13489.9
MW-09,1998-03-31,12252.0
MW-09,1998-06-30,14037.8
MW-09,1998-09-30,9915.8
MW-09,1998-12-31,12019.3
MW-09,1999-03-31,9283.7
MW-09,1999-09-30,10850.1
MW-09,1999-12-31,9463.5
MW-09,2000-03-31,11158.2
MW-09,2000-06-30,9461.6
MW-09,2000-09-30,11249.4
MW-09,2000-12-31,10766.5
MW-09,2001-03-31,8997.3
MW-09,2001-06-30,10014.5
MW-09,2001-09-30,9562.9
MW-09,2001-12-31,13232.3
MW-09,2002-03-31,9720.6
MW-09,2002-06-30,9592.9
MW-09,2002-12-31,8868.3
MW-09,2003-06-30,8835.1
MW-09,2003-09-30,9575.1
MW-09,2003-12-31,11407.7
MW-09,2004-03-31,7543.2
MW-09,2004-06-30,7293.6
MW-09,2004-09-30,8471.2
MW-09,2004-12-31,7989.9
MW-09,2005-03-31,8458.1
MW-09,2005-06-30,6045.8
MW-09,2005-09-30,6272.1
MW-09,2005-12-31,7392.9
MW-09,2006-06-30,9636.3
MW-09,2006-09-30,8217.4
MW-09,2006-12-31,8415.8
MW-09,2007-03-31,7523.3
MW-09,2007-09-30,6001.3
MW-09,2007-12-31,7618.9
MW-09,2008-03-31,7012.6
MW-09,2008-06-30,6632.5
MW-09,2008-09-30,6505.1
MW-09,2008-12-31,6998.4
MW-09,2009-03-31,6954.5
MW-09,2009-06-30,7815.2
MW-09,2009-09-30,7504.5
MW-09,2009-12-31,6254.7
MW-09,2010-06-30,4984.2
MW-09,2010-12-31,5364.3
MW-09,2011-03-31,6940.5
MW-09,2011-06-30,5265.5
MW-09,2011-09-30,5474.4
MW-09,2011-12-31,5115.1
MW-09,2012-03-31,5624.9
MW-09,2012-06-30,5501.5
MW-09,2012-09-30,5741.6
MW-09,2012-12-31,5243.3
MW-09,2013-03-31,5174.0
MW-09,2013-06-30,4479.1
MW-09,2013-09-30,4925.3
MW-09,2014-03-31,4697.1
MW-09,2014-06-30,5030.7
MW-09,2014-09-30,4381.4
MW-09,2014-12-31,4248.6
MW-09,2015-03-31,5664.3
MW-09,2015-06-30,4361.2
MW-09,2015-12-31,4427.2
MW-10,1982-03-31,554.3
MW-10,1982-06-30,432.3
MW-10,1982-09-30,433.8
MW-10,1982-12-31,530.7
MW-10,1983-03-31,555.2
MW-10,1983-09-30,535.1
MW-10,1983-12-31,468.8
MW-10,1984-03-31,419.8
MW-10,1984-06-30,464.3
MW-10,1984-09-30,492.0
MW-10,1984-12-31,552.1
MW-10,1985-03-31,534.5
MW-10,1985-06-30,562.1
MW-10,1985-09-30,595.9
MW-10,1985-12-31,622.9
MW-10,1986-03-31,571.6
MW-10,1986-06-30,605.1
MW-10,1986-09-30,508.7
MW-10,1986-12-31,511.1
MW-10,1987-03-31,538.4
MW-10,1987-06-30,584.4
MW-10,1987-09-30,642.7
MW-10,1987-12-31,582.4
MW-10,1988-03-31,527.1
MW-10,1988-06-30,481.7
MW-10,1988-12-31,547.8
MW-10,1989-03-31,452.8
MW-10,1989-06-30,521.9
MW-10,1989-09-30,548.0
MW-10,1989-12-31,569.5
MW-10,1990-03-31,577.7
MW-10,1990-06-30,549.6
MW-10,1990-09-30,539.3
MW-10,1990-12-31,486.5
MW-10,1991-03-31,615.3
MW-10,1991-06-30,378.7
MW-10,1991-09-30,535.6
MW-10,1991-12-31,509.5
MW-10,1992-03-31,497.1
MW-10,1992-06-30,571.2
MW-10,1992-09-30,523.0
MW-10,1992-12-31,556.8
MW-10,1993-03-31,538.6
MW-10,1993-06-30,523.0
MW-10,1993-09-30,498.2
MW-10,1993-12-31,447.4
MW-10,1994-03-31,553.4
MW-10,1994-06-30,593.5
MW-10,1994-09-30,510.3
MW-10,1994-12-31,534.6
MW-10,1995-06-30,498.6
MW-10,1995-09-30,617.1
MW-10,1995-12-31,522.8
MW-10,1996-03-31,563.6
MW-10,1996-09-30,501.8
MW-10,1996-12-31,539.2
MW-10,1997-06-30,523.0
MW-10,1997-09-30,551.3
MW-10,1997-12-31,546.3
MW-10,1998-03-31,566.9
MW-10,1998-06-30,494.5
MW-10,1998-09-30,559.9
MW-10,1998-12-31,525.0
MW-10,1999-03-31,488.6
MW-10,1999-06-30,460.7
MW-10,1999-09-30,596.8
MW-10,1999-12-31,537.2
MW-10,2000-03-31,511.1
MW-10,2000-06-30,544.9
MW-10,2000-09-30,617.2
MW-10,2000-12-31,543.6
MW-10,2001-03-31,512.0
MW-10,2001-06-30,505.9
MW-10,2001-09-30,418.0
MW-10,2001-12-31,508.1
MW-10,2002-03-31,493.7
MW-10,2002-06-30,466.9
MW-10,2002-09-30,577.3
MW-10,2003-03-31,499.7
MW-10,2003-06-30,578.4
MW-10,2003-09-30,517.7
MW-10,2003-12-31,491.3
MW-10,2004-03-31,519.4
MW-10,2004-06-30,598.8
MW-10,2004-09-30,530.3
MW-10,2004-12-31,525.6
MW-10,2005-06-30,515.7
MW-10,2005-09-30,557.7
MW-10,2005-12-31,473.9
MW-10,2006-03-31,537.1
MW-10,2006-06-30,546.4
MW-10,2006-09-30,542.9
MW-10,2006-12-31,542.9
MW-10,2007-03-31,497.4
MW-10,2007-06-30,494.9
MW-10,2007-09-30,514.4
MW-10,2007-12-31,481.0
MW-10,2008-03-31,530.2
MW-10,2008-06-30,496.5
MW-10,2008-12-31,455.1
MW-10,2009-03-31,529.0
MW-10,2009-09-30,486.1
MW-10,2009-12-31,609.4
MW-10,2010-06-30,555.9
MW-10,2010-09-30,490.5
MW-10,2010-12-31,384.1
MW-10,2011-06-30,420.6
MW-10,2011-09-30,563.8
MW-10,2011-12-31,567.5
MW-10,2012-03-31,529.8
MW-10,2012-09-30,539.0
MW-10,2012-12-31,539.9
MW-10,2013-03-31,466.0
MW-10,2013-06-30,495.5
MW-10,2013-09-30,543.0
MW-10,2013-12-31,460.3
MW-10,2014-03-31,550.6
MW-10,2014-06-30,504.6
MW-10,2014-09-30,527.0
MW-10,2014-12-31,550.8
MW-10,2015-03-31,427.3
MW-10,2015-06-30,429.4
MW-10,2015-09-30,539.0
MW-10,2015-12-31,468.7
